-85.5333,10.599,304
-85.5333,10.5989,304
-85.5332,10.5986,304
-85.5329,10.5979,303
-85.5329,10.5979,303
-85.5329,10.5978,304
-85.5329,10.5978,303
-85.5329,10.5977,304
-85.5329,10.5977,304
-85.533,10.5977,304
-85.533,10.5976,304
-85.533,10.5976,304
-85.5331,10.5976,305
-85.5331,10.5975,305
-85.5332,10.5975,305
-85.5332,10.5975,305
-85.5333,10.5974,305
-85.5334,10.5974,305
-85.5336,10.5974,304
-85.5339,10.5972,304
-85.5846,10.5794,2730
-85.5854,10.5792,2764
-85.5862,10.579,2814
-85.5871,10.5788,2873
-85.5879,10.5786,2902
-85.5888,10.5784,2932
-85.5896,10.5783,2984
-85.5905,10.5782,3041
-85.5914,10.5781,3098
-85.5923,10.578,3131
-85.5932,10.578,3173
-85.5941,10.5779,3176
-85.595,10.578,3196
-85.5959,10.578,3226
-85.5968,10.5781,3228
-85.5978,10.5782,3260
-85.5987,10.5784,3287
-85.5996,10.5785,3324
-85.6006,10.5788,3344
-85.6015,10.579,3378
-85.6024,10.5793,3385
-85.6033,10.5796,3419
-85.6042,10.58,3433
-85.6052,10.5804,3430
-85.6061,10.5808,3446
-85.607,10.5813,3450
-85.6079,10.5818,3476
-85.6087,10.5824,3488
-85.6096,10.583,3513
-85.6104,10.5836,3554
-85.6112,10.5842,3592
-85.612,10.5849,3647
-85.6127,10.5857,3688
-85.6135,10.5864,3729
-85.6142,10.5872,3787
-85.6149,10.588,3810
-85.6155,10.5888,3833
-85.6162,10.5896,3855
-85.6168,10.5905,3856
-85.6175,10.5914,3891
-85.618,10.5923,3898
-85.6186,10.5932,3907
-85.6192,10.5941,3933
-85.6197,10.5951,3939
-85.6201,10.5961,3941
-85.6206,10.5972,3966
-85.621,10.5982,3980
-85.6213,10.5993,3990
-85.6216,10.6004,4004
-85.6219,10.6015,4039
-85.6221,10.6026,4055
-85.6223,10.6037,4073
-85.6224,10.6048,4117
-85.6225,10.606,4146
-85.6225,10.6071,4170
-85.6225,10.6083,4202
-85.6224,10.6094,4230
-85.6222,10.6105,4262
-85.6221,10.6117,4295
-85.6218,10.6128,4339
-85.6215,10.6139,4393
-85.6212,10.615,4437
-85.6208,10.6161,4481
-85.6204,10.6171,4525
-85.6199,10.6181,4574
-85.6194,10.6192,4622
-85.6188,10.6201,4674
-85.6182,10.6211,4726
-85.6176,10.622,4780
-85.6169,10.6229,4831
-85.6162,10.6238,4882
-85.6154,10.6246,4931
-85.6146,10.6254,4974
-85.6138,10.6262,5029
-85.6129,10.6269,5082
-85.612,10.6276,5140
-85.6111,10.6283,5188
-85.6102,10.6289,5241
-85.6092,10.6294,5293
-85.6082,10.63,5346
-85.6072,10.6305,5398
-85.6061,10.6309,5445
-85.6051,10.6313,5503
-85.604,10.6316,5563
-85.6029,10.6319,5624
-85.6018,10.6321,5685
-85.6007,10.6323,5745
-85.5996,10.6325,5805
-85.5985,10.6326,5856
-85.5974,10.6327,5906
-85.5962,10.6327,5958
-85.5951,10.6327,6011
-85.594,10.6326,6065
-85.5928,10.6325,6118
-85.5917,10.6324,6172
-85.5906,10.6322,6224
-85.5895,10.632,6278
-85.5884,10.6317,6330
-85.5873,10.6314,6380
-85.5862,10.6311,6436
-85.5851,10.6307,6489
-85.5841,10.6303,6543
-85.583,10.6299,6596
-85.582,10.6294,6649
-85.581,10.6289,6702
-85.58,10.6284,6755
-85.579,10.6278,6808
-85.578,10.6271,6854
-85.5771,10.6265,6904
-85.5762,10.6258,6953
-85.5753,10.6251,7004
-85.5744,10.6243,7054
-85.5735,10.6236,7107
-85.5727,10.6227,7169
-85.5719,10.6219,7222
-85.5711,10.6211,7286
-85.5696,10.6193,7393
-85.5666,10.6157,7609
-85.5635,10.6121,7822
-85.5627,10.6113,7872
-85.5619,10.6104,7927
-85.5611,10.6096,7979
-85.5602,10.6088,8031
-85.5593,10.6081,8084
-85.5584,10.6073,8127
-85.5566,10.6058,8226
-85.5501,10.6007,8599
-85.5492,10.6,8649
-85.5483,10.5992,8700
-85.5474,10.5984,8752
-85.5466,10.5976,8799
-85.5458,10.5967,8844
-85.545,10.5958,8888
-85.5442,10.5949,8928
-85.5435,10.5939,8972
-85.5428,10.5929,9011
-85.5422,10.5919,9053
-85.5415,10.5909,9097
-85.541,10.5898,9141
-85.5404,10.5887,9188
-85.54,10.5875,9238
-85.5395,10.5864,9289
-85.5391,10.5852,9346
-85.5387,10.584,9391
-85.5384,10.5829,9438
-85.5381,10.5816,9489
-85.5375,10.5792,9594
-85.5367,10.5755,9735
-85.5272,10.5319,10759
-85.5195,10.5034,10975
-85.5033,10.4463,11986
-85.4229,10.1684,17684
-85.3725,9.99324,19899
-85.2681,9.6319,19899
-85.1149,9.09942,19899
-85.0592,8.90527,22043
-84.9531,8.535,26499
-84.9474,8.51511,26713
-84.9458,8.5091,26775
-84.9448,8.50507,26816
-84.944,8.50101,26857
-84.9432,8.49693,26893
-84.9425,8.49283,26933
-84.9419,8.48871,26971
-84.9414,8.48458,27013
-84.941,8.48044,27050
-84.9407,8.47629,27091
-84.9405,8.47213,27129
-84.9403,8.46796,27164
-84.9402,8.46378,27202
-84.9402,8.4596,27241
-84.9404,8.45542,27278
-84.9406,8.45124,27319
-84.9408,8.44707,27366
-84.9412,8.4429,27413
-84.9417,8.43874,27463
-84.9422,8.43459,27510
-84.9432,8.42838,27587
-84.9451,8.41808,27703
-85.0458,7.90617,31898
-85.0513,7.87834,32237
-85.0822,7.72101,33633
-85.1198,7.52896,35620
-85.1698,7.27395,37743
-85.2876,6.67208,41006
-85.3263,6.47357,40998
-85.4036,6.07708,41004
-85.5195,5.48154,40999
-85.6354,4.88484,40994
-85.7506,4.29066,40992
-85.8651,3.69858,41003
-85.9691,3.16128,40987
-85.9701,3.15736,40986
-85.9711,3.15345,40987
-85.9722,3.14957,40988
-85.9735,3.14571,40990
-85.9748,3.14188,40994
-85.9762,3.13806,40995
-85.9776,3.13427,40996
-85.9792,3.13051,40995
-85.9808,3.12677,40990
-85.9824,3.12305,40987
-85.9842,3.11936,40985
-85.986,3.11571,40984
-85.9879,3.11208,40986
-85.9899,3.1085,40987
-85.9909,3.10672,40988
-85.9919,3.10494,40988
-85.994,3.10143,40991
-85.9962,3.09795,40992
-85.9985,3.09451,40991
-86.0008,3.0911,40989
-86.0032,3.08775,40985
-86.0056,3.08443,40986
-86.0082,3.08116,40986
-86.0108,3.07794,40989
-86.0134,3.07476,40993
-86.0162,3.07164,40989
-86.0189,3.06856,40994
-86.0218,3.06553,40990
-86.0247,3.06255,40990
-86.0277,3.05963,40988
-86.0307,3.05677,40984
-86.0338,3.05397,40985
-86.037,3.05122,40987
-86.0402,3.04854,40990
-86.0435,3.04591,40995
-86.0469,3.04334,40994
-86.0502,3.04083,40995
-86.0537,3.03839,40991
-86.0572,3.03601,40991
-86.0607,3.0337,40985
-86.0643,3.03146,40986
-86.068,3.02929,40982
-86.0717,3.02719,40979
-86.0755,3.02516,40978
-86.0793,3.02321,40977
-86.0831,3.02133,40978
-86.087,3.01953,40982
-86.0909,3.01781,40981
-86.0949,3.01616,40982
-86.0989,3.01459,40983
-86.103,3.01309,40983
-86.107,3.01168,40985
-86.1112,3.01034,40982
-86.1153,3.0091,40980
-86.1195,3.00794,40980
-86.1237,3.00686,40980
-86.1279,3.00587,40983
-86.1322,3.00496,40982
-86.1365,3.00414,40983
-86.1408,3.0034,40982
-86.1451,3.00275,40983
-86.1494,3.00219,40980
-86.1538,3.00173,40977
-86.1581,3.00135,40975
-86.1625,3.00106,40976
-86.1669,3.00086,40979
-86.1735,3.00069,40985
-86.6027,3.00065,40983
-87.2602,3.00096,40981
-87.9223,3.00093,40981
-88.5879,3.00045,40979
-88.7861,3.00023,40977
-88.7927,3.00028,40981
-88.7971,3.0004,40981
-88.8016,3.00061,40975
-88.806,3.00095,40970
-88.8104,3.00142,40971
-88.8148,3.002,40973
-88.8192,3.00268,40979
-88.8236,3.00346,40984
-88.8279,3.00433,40987
-88.8323,3.00528,40988
-88.8366,3.00631,40985
-88.8409,3.00743,40978
-88.8452,3.00864,40977
-88.8495,3.00993,40975
-88.8538,3.01132,40975
-88.858,3.0128,40977
-88.8622,3.01437,40972
-88.8663,3.01602,40972
-88.8704,3.01776,40973
-88.8745,3.01958,40975
-88.8786,3.02149,40981
-88.8826,3.02348,40982
-88.8866,3.02555,40984
-88.8905,3.0277,40987
-88.8944,3.02994,40984
-88.8982,3.03226,40982
-88.902,3.03465,40981
-88.9057,3.03713,40978
-88.9094,3.03969,40978
-88.9131,3.04232,40978
-88.9166,3.04503,40978
-88.9202,3.04782,40979
-88.9236,3.05067,40981
-88.927,3.05359,40984
-88.9304,3.05659,40982
-88.9336,3.05964,40983
-88.9369,3.06277,40980
-88.94,3.06596,40979
-88.9431,3.06922,40974
-88.9461,3.07255,40976
-88.949,3.07594,40976
-88.9519,3.07939,40979
-88.9547,3.08289,40983
-88.9574,3.08645,40986
-88.96,3.09007,40986
-88.9626,3.09373,40985
-88.9651,3.09745,40984
-88.9675,3.10122,40985
-88.9699,3.10503,40981
-88.9721,3.1089,40980
-88.9743,3.11281,40980
-88.9764,3.11677,40979
-88.9784,3.12076,40981
-88.9803,3.1248,40980
-88.9821,3.12888,40982
-88.9839,3.13299,40985
-88.9855,3.13713,40989
-88.9871,3.14131,40988
-88.9886,3.14551,40985
-88.99,3.14975,40987
-88.9913,3.15401,40987
-88.9925,3.15829,40985
-88.9936,3.1626,40982
-88.9946,3.16693,40980
-88.9956,3.17127,40981
-88.9964,3.17564,40981
-88.9972,3.18001,40978
-88.9978,3.1844,40980
-88.9984,3.1888,40977
-88.9989,3.19321,40980
-88.9993,3.19762,40983
-88.9996,3.20203,40984
-88.9998,3.20645,40984
-89,3.21307,40988
-89.0001,3.34556,40981
-89.0001,3.9295,40977
-89,3.93614,40976
-88.9998,3.94056,40969
-88.9995,3.94497,40964
-88.9991,3.94936,40966
-88.9986,3.95374,40969
-88.9979,3.95809,40977
-88.9972,3.96242,40981
-88.9963,3.96673,40988
-88.9954,3.97102,40988
-88.9944,3.97528,40987
-88.9934,3.97953,40983
-88.9922,3.98374,40980
-88.9909,3.98793,40975
-88.9896,3.99208,40973
-88.9882,3.99619,40976
-88.9867,4.00027,40974
-88.985,4.00431,40976
-88.9834,4.00831,40981
-88.9816,4.01226,40982
-88.9798,4.01618,40982
-88.9778,4.02005,40984
-88.9758,4.02388,40985
-88.9738,4.02766,40984
-88.9716,4.03139,40981
-88.9694,4.03507,40981
-88.9671,4.0387,40980
-88.9647,4.04228,40980
-88.9623,4.0458,40978
-88.9598,4.04927,40978
-88.9572,4.05268,40979
-88.9546,4.05603,40978
-88.9519,4.05933,40981
-88.9491,4.06256,40980
-88.9463,4.06574,40983
-88.9434,4.06884,40984
-88.9405,4.07189,40986
-88.9375,4.07487,40980
-88.9344,4.07779,40975
-88.9313,4.08063,40974
-88.9281,4.08341,40973
-88.9249,4.08611,40974
-88.9216,4.08874,40975
-88.9183,4.0913,40978
-88.915,4.09379,40981
-88.9115,4.0962,40983
-88.9081,4.09855,40985
-88.9046,4.10082,40987
-88.9011,4.10302,40985
-88.8975,4.10514,40984
-88.8939,4.10719,40980
-88.8902,4.10916,40980
-88.8866,4.11106,40976
-88.8829,4.11287,40972
-88.8791,4.11461,40973
-88.8753,4.11627,40977
-88.8716,4.11785,40980
-88.8677,4.11936,40981
-88.8639,4.12079,40982
-88.86,4.12215,40983
-88.8561,4.12342,40986
-88.8522,4.12462,40979
-88.8483,4.12574,40979
-88.8444,4.12678,40979
-88.8405,4.12774,40976
-88.8365,4.12862,40977
-88.8325,4.12942,40973
-88.8285,4.13014,40977
-88.8246,4.13078,40976
-88.8206,4.13135,40977
-88.8166,4.13184,40978
-88.8126,4.13226,40979
-88.8086,4.1326,40983
-88.8046,4.13286,40981
-88.7986,4.13311,40980
-88.7785,4.13337,40985
-88.4221,4.13417,40978
-87.8217,4.13462,40991
-87.2218,4.13467,40978
-86.6163,4.13426,40988
-86.2085,4.13377,40985
-86.2045,4.13391,40987
-86.2005,4.13414,40988
-86.1965,4.13447,40994
-86.1925,4.13488,40998
-86.1886,4.13537,41003
-86.1846,4.13593,41002
-86.1806,4.13658,40999
-86.1767,4.13729,40995
-86.1727,4.13808,40991
-86.1688,4.13894,40986
-86.1649,4.13988,40983
-86.1609,4.14088,40982
-86.1571,4.14197,40981
-86.1532,4.14312,40983
-86.1474,4.14499,40989
-86.1416,4.14702,40990
-86.1359,4.14921,40990
-86.1321,4.15076,40988
-86.1284,4.15238,40984
-86.1247,4.15407,40983
-86.121,4.15584,40983
-86.1173,4.15769,40985
-86.1137,4.15961,40983
-86.11,4.1616,40991
-86.1065,4.16366,40987
-86.1029,4.16579,40990
-86.0994,4.16799,40992
-86.096,4.17026,40994
-86.0925,4.1726,40991
-86.0891,4.17501,40992
-86.0858,4.17749,40993
-86.0825,4.18003,40991
-86.0792,4.18265,40991
-86.076,4.18533,40990
-86.0729,4.18808,40989
-86.0697,4.19089,40986
-86.0667,4.19377,40983
-86.0636,4.19671,40980
-86.0607,4.19972,40980
-86.0578,4.2028,40979
-86.0549,4.20593,40983
-86.0521,4.20913,40982
-86.0494,4.21238,40985
-86.0467,4.21569,40986
-86.0441,4.21906,40988
-86.0415,4.22249,40986
-86.039,4.22597,40986
-86.0366,4.22951,40986
-86.0342,4.23309,40983
-86.0319,4.23674,40986
-86.0297,4.24043,40986
-86.0276,4.24417,40986
-86.0255,4.24796,40983
-86.0235,4.2518,40982
-86.0215,4.25569,40979
-86.0197,4.25961,40979
-86.0179,4.26359,40976
-86.0162,4.2676,40975
-86.0146,4.27165,40976
-86.0131,4.27574,40976
-86.0116,4.27987,40978
-86.0102,4.28403,40979
-86.0089,4.28822,40981
-86.0077,4.29244,40986
-86.0066,4.29669,40983
-86.0056,4.30097,40983
-86.0046,4.30528,40980
-86.0038,4.30961,40978
-86.003,4.31396,40976
-86.0023,4.31834,40973
-86.0017,4.32273,40972
-86.0013,4.32714,40972
-86.0008,4.33156,40971
-86.0005,4.33599,40971
-86.0003,4.34044,40968
-86.0001,4.34712,40971
-86,4.38946,40963
-86.0001,4.88494,40979
-86.0059,4.98985,40977
-86.0172,5.00197,40974
-86.0283,5.01353,40974
-86.039,5.02455,40973
-86.0495,5.03505,40972
-86.0598,5.04508,40974
-86.0698,5.05461,40976
-86.0796,5.06368,40978
-86.0891,5.0723,40983
-86.1031,5.08446,40984
-86.3584,5.23085,40976
-86.4369,5.24857,41323
-86.4441,5.24966,41365
-86.4512,5.25058,41417
-86.4607,5.25154,41498
-86.4701,5.25223,41576
-86.4885,5.25296,41763
-86.5555,5.25235,41980
-87.0277,5.22608,41984
-87.1597,5.21826,42001
-87.2397,5.21365,41993
-87.4034,5.21053,42000
-87.4142,5.21048,41998
-87.4271,5.21066,41996
-87.5846,5.21492,41993
-87.5977,5.21555,41986
-87.6784,5.22044,41995
-88.3304,5.25634,41997
-88.4988,5.26411,41986
-88.5932,5.26819,41988
-88.5997,5.2683,41992
-88.6168,5.26818,42001
-88.7734,5.26715,41991
-88.8036,5.26714,41984
-88.8079,5.26724,41976
-88.8122,5.26743,41974
-88.8165,5.26774,41974
-88.8208,5.26816,41976
-88.8251,5.26869,41979
-88.8293,5.26932,41989
-88.8336,5.27004,41990
-88.8379,5.27085,41993
-88.8421,5.27174,41995
-88.8463,5.27272,41990
-88.8505,5.27379,41988
-88.8547,5.27494,41986
-88.8588,5.2762,41983
-88.863,5.27754,41988
-88.8671,5.27897,41988
-88.8711,5.2805,41990
-88.8752,5.2821,41989
-88.8792,5.2838,41989
-88.8832,5.28558,41989
-88.8871,5.28744,41990
-88.891,5.28938,41987
-88.8948,5.29141,41986
-88.8986,5.29351,41980
-88.9024,5.2957,41982
-88.9061,5.29797,41978
-88.9098,5.30033,41979
-88.9134,5.30276,41981
-88.917,5.30527,41984
-88.9205,5.30786,41986
-88.9239,5.31052,41989
-88.9273,5.31325,41992
-88.9306,5.31606,41993
-88.9339,5.31893,41993
-88.9371,5.32187,41990
-88.9403,5.32488,41988
-88.9433,5.32796,41983
-88.9463,5.33111,41985
-88.9493,5.33433,41986
-88.9521,5.33761,41989
-88.9549,5.34096,41992
-88.9576,5.34436,41994
-88.9603,5.34781,41995
-88.9629,5.35133,41994
-88.9653,5.35489,41991
-88.9678,5.35851,41993
-88.9701,5.36218,41990
-88.9724,5.3659,41991
-88.9745,5.36967,41987
-88.9766,5.37348,41988
-88.9786,5.37734,41989
-88.9805,5.38124,41991
-88.9824,5.38518,41995
-88.9841,5.38916,41994
-88.9858,5.39318,41992
-88.9874,5.39723,41992
-88.9889,5.40131,41987
-88.9903,5.40542,41991
-88.9916,5.40956,41989
-88.9928,5.41373,41991
-88.994,5.41792,41992
-88.995,5.42213,41989
-88.996,5.42637,41989
-88.9969,5.43062,41995
-89.0166,5.5381,41987
-89.0234,5.58144,41989
-89.0825,5.98035,42494
-89.1364,6.37426,42462
-89.1368,6.37874,42463
-89.1374,6.38547,42457
-89.1376,6.38997,42452
-89.1378,6.39446,42452
-89.1379,6.39896,42449
-89.1379,6.40345,42447
-89.1378,6.40794,42447
-89.1376,6.41243,42447
-89.1373,6.4169,42450
-89.1369,6.42136,42444
-89.1364,6.4258,42436
-89.1358,6.43023,42436
-89.1351,6.43463,42436
-89.1343,6.439,42442
-89.1334,6.44336,42442
-89.1325,6.44769,42443
-89.1315,6.45199,42446
-89.1298,6.4584,42445
-89.1269,6.469,42437
-89.1221,6.48582,42434
-89.1201,6.49204,42440
-89.1186,6.49615,42455
-89.1171,6.50021,42464
-89.1155,6.50423,42465
-89.1146,6.50621,42462
-89.1137,6.50818,42463
-89.1128,6.51012,42462
-89.1118,6.51204,42462
-89.1108,6.51394,42465
-89.1098,6.51581,42466
-89.1087,6.51766,42472
-89.1075,6.51948,42477
-89.1064,6.52127,42484
-89.1052,6.52304,42490
-89.1039,6.52478,42496
-89.1026,6.52649,42501
-89.1013,6.52818,42507
-89.1,6.52984,42510
-89.0986,6.53148,42512
-89.0972,6.53309,42508
-89.0958,6.53466,42509
-89.0944,6.53621,42510
-89.0929,6.53772,42508
-89.0913,6.5392,42509
-89.0898,6.54065,42506
-89.0882,6.54206,42502
-89.0866,6.54344,42506
-89.085,6.54479,42504
-89.0833,6.5461,42504
-89.0816,6.54737,42502
-89.0799,6.54861,42498
-89.0782,6.54981,42497
-89.0764,6.55098,42493
-89.0747,6.5521,42494
-89.0728,6.55319,42495
-89.071,6.55424,42499
-89.0692,6.55524,42498
-89.0673,6.55621,42500
-89.0654,6.55713,42500
-89.0635,6.55802,42500
-89.0616,6.55886,42500
-89.0597,6.55967,42502
-89.0577,6.56043,42500
-89.0558,6.56116,42498
-89.0538,6.56184,42497
-89.0518,6.56248,42499
-89.0498,6.56308,42497
-89.0478,6.56363,42497
-89.0458,6.56415,42496
-89.0438,6.56462,42497
-89.0417,6.56504,42495
-89.0397,6.56543,42495
-89.0376,6.56577,42497
-89.0356,6.56606,42497
-89.0335,6.56632,42503
-89.0315,6.56653,42500
-89.0294,6.56669,42497
-89.0274,6.56681,42496
-89.0253,6.56689,42496
-89.0232,6.56693,42501
-89.0212,6.56692,42495
-89.0191,6.56686,42496
-89.0171,6.56677,42496
-89.015,6.56662,42494
-89.013,6.56644,42494
-89.0089,6.56597,42486
-89.0028,6.56505,42480
-88.9927,6.56339,42471
-88.5206,6.48782,42991
-88.5061,6.48522,42987
-88.3921,6.46303,42993
-88.1215,6.41059,42983
-88.1111,6.40894,42997
-88.1006,6.40747,42998
-88.0922,6.40644,42994
-88.0859,6.40578,42989
-88.0795,6.40524,42987
-88.0732,6.40483,42987
-88.0668,6.40456,42989
-88.0604,6.40442,42988
-88.0519,6.40443,42992
-88.0348,6.40471,42989
-88.0305,6.40468,42983
-88.022,6.40446,42980
-87.988,6.40333,42987
-87.9114,6.40234,42991
-87.7654,6.4021,43015
-87.1482,6.40202,42989
-86.5306,6.40125,42996
-86.1957,6.40062,42994
-86.1917,6.40076,42997
-86.1876,6.401,43002
-86.1836,6.40134,43006
-86.1795,6.40179,43010
-86.1755,6.40232,43016
-86.1714,6.40294,43017
-86.1674,6.40364,43016
-86.1634,6.40442,43011
-86.1594,6.40527,43007
-86.1554,6.4062,43000
-86.1514,6.40722,43002
-86.1475,6.40831,43001
-86.1435,6.40948,42998
-86.1396,6.41073,43000
-86.1357,6.41206,43000
-86.1319,6.41347,43001
-86.128,6.41495,43001
-86.1242,6.41652,43000
-86.1204,6.41817,43003
-86.1166,6.41989,43001
-86.1129,6.4217,43000
-86.1092,6.42358,43001
-86.1056,6.42553,43002
-86.1019,6.42757,43005
-86.0984,6.42968,43007
-86.0948,6.43186,43009
-86.0913,6.43411,43010
-86.0878,6.43644,43015
-86.0844,6.43884,43015
-86.081,6.44131,43019
-86.0777,6.44386,43013
-86.0744,6.44647,43011
-86.0712,6.44915,43009
-86.068,6.45191,43005
-86.0649,6.45474,43001
-86.0618,6.45763,43004
-86.0588,6.4606,43003
-86.0559,6.46363,43009
-86.053,6.46673,43010
-86.0501,6.46989,43010
-86.0474,6.47311,43006
-86.0447,6.47639,43002
-86.042,6.47974,42998
-86.0394,6.48314,42997
-86.0369,6.48661,42994
-86.0345,6.49013,42996
-86.0322,6.49371,42999
-86.0299,6.49734,43001
-86.0277,6.50102,43003
-86.0256,6.50476,43006
-86.0235,6.50854,43004
-86.0215,6.51237,43003
-86.0196,6.51624,43001
-86.0178,6.52016,42998
-86.0161,6.52413,43001
-86.0145,6.52813,43002
-86.0129,6.53217,43003
-86.0114,6.53625,43004
-86.01,6.54037,43005
-86.0087,6.54452,43004
-86.0075,6.5487,43003
-86.0064,6.55291,43003
-86.0054,6.55714,43001
-86.0044,6.56141,42993
-86.0036,6.5657,42991
-86.0028,6.57001,42990
-86.0021,6.57433,42991
-86.0016,6.57868,42994
-86.0011,6.58304,42998
-86.0007,6.58741,42996
-86.0005,6.5918,42993
-86.0002,6.59838,42994
-86,6.61158,42990
-86,7.23966,42998
-86,7.32766,43002
-86.0001,7.33647,43000
-86.0002,7.34087,42996
-86.0004,7.34527,42992
-86.0007,7.34967,42995
-86.0012,7.35406,43003
-86.0018,7.35843,43007
-86.0024,7.36279,43010
-86.0032,7.36714,43011
-86.004,7.37147,43011
-86.005,7.37578,43014
-86.006,7.38008,43008
-86.0071,7.38435,43005
-86.0083,7.3886,43000
-86.0096,7.39283,42997
-86.011,7.39702,42997
-86.0125,7.40118,42995
-86.0141,7.40531,42998
-86.0158,7.4094,43004
-86.0176,7.41345,43005
-86.0194,7.41746,43005
-86.0214,7.42143,43007
-86.0234,7.42536,43008
-86.0255,7.42925,43003
-86.0277,7.43309,43003
-86.03,7.43688,43002
-86.0323,7.44062,43001
-86.0348,7.44431,43002
-86.0373,7.44793,43008
-86.0399,7.45151,43005
-86.0426,7.45502,43005
-86.0453,7.45847,42997
-86.0481,7.46186,42995
-86.051,7.46518,42996
-86.054,7.46843,42995
-86.057,7.47162,42997
-86.0602,7.47473,42997
-86.0633,7.47778,42996
-86.0665,7.48077,42992
-86.0698,7.48368,42992
-86.0732,7.48651,42987
-86.0766,7.48928,42987
-86.0801,7.49196,42988
-86.0836,7.49456,42987
-86.0872,7.49708,42990
-86.0908,7.49953,42991
-86.0944,7.5019,42994
-86.0982,7.50419,42993
-86.1019,7.50639,42988
-86.1057,7.50852,42985
-86.1095,7.51056,42984
-86.1134,7.51251,42981
-86.1173,7.51438,42985
-86.1213,7.51616,42987
-86.1253,7.51785,42990
-86.1293,7.51945,42992
-86.1333,7.52098,42993
-86.1374,7.52241,42990
-86.1414,7.52377,42993
-86.1456,7.52504,42988
-86.1497,7.52622,42988
-86.1538,7.52731,42985
-86.158,7.52831,42984
-86.1622,7.52922,42985
-86.1664,7.53004,42987
-86.1706,7.53077,42990
-86.1748,7.53141,42989
-86.179,7.53197,42991
-86.1832,7.53244,42993
-86.1874,7.53283,42995
-86.1916,7.53313,42999
-86.1959,7.53335,43002
-86.2043,7.53359,43004
-86.4397,7.53455,42997
-87.076,7.53564,42998
-87.7108,7.53581,42998
-87.904,7.53569,42993
-88.3458,7.53514,43010
-88.5264,7.53478,43005
-88.7952,7.53405,42995
-88.7995,7.53415,42994
-88.8037,7.53433,42991
-88.808,7.53463,42991
-88.8122,7.53503,42997
-88.8164,7.53553,43001
-88.8206,7.53612,43011
-88.8249,7.5368,43014
-88.8291,7.53757,43013
-88.8332,7.53841,43012
-88.8374,7.53933,43009
-88.8416,7.54033,43004
-88.8457,7.54142,42998
-88.8499,7.5426,42995
-88.854,7.54386,42994
-88.858,7.54521,42993
-88.8621,7.54665,42996
-88.8661,7.54816,42997
-88.8701,7.54976,43000
-88.8741,7.55143,43004
-88.8781,7.55319,43002
-88.882,7.55503,43001
-88.8858,7.55695,42995
-88.8897,7.55894,42995
-88.8935,7.56102,42994
-88.8972,7.56318,42991
-88.9009,7.56542,42991
-88.9046,7.56774,42990
-88.9082,7.57013,42989
-88.9118,7.5726,42988
-88.9153,7.57514,42990
-88.9188,7.57775,42991
-88.9222,7.58044,42993
-88.9255,7.5832,42995
-88.9288,7.58602,42996
-88.9321,7.58891,42997
-88.9352,7.59187,42995
-88.9384,7.59489,42996
-88.9414,7.59797,42994
-88.9444,7.60112,42989
-88.9473,7.60433,42989
-88.9502,7.6076,42991
-88.953,7.61092,42989
-88.9557,7.61431,42993
-88.9583,7.61774,42993
-88.9609,7.62123,42993
-88.9634,7.62477,42989
-88.9658,7.62836,42985
-88.9682,7.632,42985
-88.9704,7.63569,42985
-88.9726,7.63942,42987
-88.9747,7.6432,42987
-88.9767,7.64701,42993
-88.9787,7.65086,42994
-88.9806,7.65475,42997
-88.9823,7.65868,42994
-88.9841,7.66263,42994
-88.9857,7.66663,42993
-88.9872,7.67065,42993
-88.9886,7.6747,42991
-88.99,7.67878,42992
-88.9913,7.68289,42995
-88.9925,7.68702,42997
-88.9936,7.69116,43001
-88.9946,7.69533,42998
-88.9955,7.69952,42996
-88.9964,7.70372,42997
-88.9971,7.70794,42995
-88.9978,7.71217,42994
-88.9983,7.71641,42995
-88.9988,7.72067,42994
-88.9992,7.72493,42998
-88.9995,7.72919,43000
-88.9997,7.73346,43006
-88.9999,7.73986,43010
-89.0002,7.78688,43009
-89.0001,8.25382,42998
-89.0001,8.47693,42997
-89,8.48123,42998
-88.9997,8.48553,42994
-88.9994,8.48982,42990
-88.999,8.4941,42987
-88.9984,8.49836,42991
-88.9977,8.50261,42997
-88.9969,8.50684,43003
-88.9961,8.51105,43004
-88.9951,8.51525,43004
-88.9941,8.51942,43008
-88.993,8.52357,43008
-88.9917,8.52769,43001
-88.9904,8.53179,43000
-88.989,8.53586,42994
-88.9875,8.53989,42993
-88.9859,8.54389,42994
-88.9843,8.54786,42995
-88.9825,8.55178,42996
-88.9807,8.55567,43000
-88.9787,8.55951,43002
-88.9767,8.56332,43001
-88.9746,8.56708,43001
-88.9725,8.57079,43001
-88.9702,8.57446,42995
-88.9679,8.57807,42993
-88.9655,8.58164,42993
-88.963,8.58514,42991
-88.9604,8.58859,42989
-88.9578,8.59198,42990
-88.9551,8.59531,42991
-88.9523,8.59858,42995
-88.9494,8.60179,42995
-88.9465,8.60493,42998
-88.9435,8.60801,42998
-88.9405,8.61102,42997
-88.9374,8.61397,42993
-88.9342,8.61685,42986
-88.931,8.61965,42990
-88.9277,8.62238,42987
-88.9243,8.62504,42987
-88.9209,8.62762,42990
-88.9175,8.63013,42991
-88.914,8.63256,42994
-88.9104,8.63491,42993
-88.9068,8.63718,42996
-88.9032,8.63938,42993
-88.8995,8.6415,42992
-88.8957,8.64353,42989
-88.892,8.64548,42989
-88.8882,8.64734,42988
-88.8843,8.64912,42991
-88.8804,8.65082,42995
-88.8765,8.65243,42996
-88.8726,8.65397,42995
-88.8686,8.65541,42992
-88.8646,8.65677,42993
-88.8606,8.65804,42997
-88.8566,8.65923,43000
-88.8525,8.66034,43003
-88.8485,8.66136,43004
-88.8444,8.66229,43001
-88.8403,8.66314,43000
-88.8361,8.66391,42999
-88.832,8.66459,42999
-88.8279,8.66518,43001
-88.8237,8.66568,43000
-88.8196,8.66609,43001
-88.8154,8.66641,43000
-88.8112,8.66664,43001
-88.805,8.66686,43006
-88.6903,8.66765,43002
-88.0578,8.66916,42986
-87.5149,8.66966,42986
-87.4243,8.66946,42996
-86.792,8.66884,42998
-86.1939,8.66744,42995
-86.1897,8.66757,42991
-86.1855,8.6678,42994
-86.1813,8.66815,43000
-86.1771,8.6686,43004
-86.1729,8.66916,43009
-86.1687,8.66981,43011
-86.1646,8.67055,43014
-86.1604,8.67138,43015
-86.1563,8.67229,43014
-86.1521,8.67329,43011
-86.148,8.67437,43006
-86.1439,8.67554,43000
-86.1399,8.6768,42998
-86.1358,8.67813,42996
-86.1318,8.67956,42991
-86.1278,8.68106,42995
-86.1239,8.68266,42993
-86.1199,8.68433,42995
-86.116,8.68609,42997
-86.1122,8.68793,42999
-86.1084,8.68986,43000
-86.1046,8.69186,43000
-86.1008,8.69395,43000
-86.0971,8.69611,42999
-86.0935,8.69835,42995
-86.0899,8.70067,42997
-86.0863,8.70307,42995
-86.0828,8.70554,42993
-86.0793,8.70809,42995
-86.0759,8.71072,42997
-86.0726,8.71342,42999
-86.0693,8.71618,42997
-86.0661,8.71902,42997
-86.0629,8.72193,42994
-86.0598,8.7249,42992
-86.0567,8.72795,42992
-86.0537,8.73106,42989
-86.0508,8.73423,42987
-86.048,8.73748,42989
-86.0452,8.74078,42989
-86.0425,8.74414,42990
-86.0398,8.74756,42990
-86.0373,8.75104,42990
-86.0348,8.75458,42989
-86.0324,8.75816,42993
-86.0301,8.7618,42990
-86.0278,8.76549,42988
-86.0257,8.76922,42989
-86.0236,8.77301,42993
-86.0216,8.77684,42996
-86.0197,8.78071,42997
-86.0178,8.78462,42996
-86.0161,8.78858,42996
-86.0144,8.79257,42994
-86.0128,8.79659,42992
-86.0114,8.80066,42994
-86.01,8.80475,42993
-86.0087,8.80887,42994
-86.0074,8.81303,42995
-86.0063,8.8172,42996
-86.0053,8.82141,43000
-86.0044,8.82563,43003
-86.0035,8.82988,43004
-86.0028,8.83414,42998
-86.0021,8.83842,42998
-86.0015,8.84272,42994
-86.0011,8.84703,42990
-86.0007,8.85135,42992
-86.0004,8.85568,42987
-86.0002,8.86219,42981
-86,8.87303,42979
-86.0001,9.24342,42982
-86.0002,9.6069,42999
-86.0003,9.61122,43000
-86.0006,9.61552,43003
-86.0009,9.61982,43007
-86.0014,9.62411,43009
-86.002,9.62838,43014
-86.0027,9.63265,43017
-86.0035,9.63689,43012
-86.0044,9.64112,43008
-86.0053,9.64534,43009
-86.0064,9.64953,43005
-86.0076,9.65371,43003
-86.0088,9.65786,42999
-86.0101,9.66198,42997
-86.0115,9.66608,43000
-86.013,9.67015,42998
-86.0146,9.67419,42998
-86.0163,9.67819,43003
-86.0181,9.68216,43006
-86.0199,9.68609,43007
-86.0219,9.68998,43004
-86.0239,9.69383,43001
-86.026,9.69764,42996
-86.0282,9.7014,42994
-86.0305,9.70511,42991
-86.0328,9.70877,42993
-86.0353,9.71238,42994
-86.0378,9.71593,42992
-86.0404,9.71942,42996
-86.0431,9.72286,42995
-86.0458,9.72625,42997
-86.0486,9.72957,43002
-86.0515,9.73284,42997
-86.0544,9.73604,42995
-86.0575,9.73918,42989
-86.0605,9.74226,42989
-86.0637,9.74526,42984
-86.0669,9.7482,42982
-86.0702,9.75106,42981
-86.0735,9.75384,42982
-86.0769,9.75656,42985
-86.0804,9.7592,42982
-86.0839,9.76177,42986
-86.0874,9.76426,42977
-86.091,9.76667,42982
-86.0947,9.76901,42981
-86.0984,9.77126,42984
-86.1021,9.77343,42988
-86.1059,9.77552,42987
-86.1097,9.77753,42987
-86.1136,9.77946,42982
-86.1175,9.78131,42982
-86.1214,9.78307,42981
-86.1254,9.78475,42982
-86.1293,9.78634,42987
-86.1334,9.78784,42988
-86.1374,9.78925,42991
-86.1415,9.79059,42989
-86.1456,9.79184,42989
-86.1497,9.793,42991
-86.1538,9.79409,42989
-86.158,9.79508,42984
-86.1621,9.79599,42984
-86.1663,9.79681,42981
-86.1705,9.79754,42982
-86.1747,9.79819,42980
-86.1789,9.79874,42984
-86.181,9.79899,42983
-86.1831,9.79921,42983
-86.1873,9.79959,42988
-86.1915,9.79989,42993
-86.1979,9.80018,42999
-86.2105,9.80044,43000
-86.8129,9.80263,42989
-86.9679,9.80289,42987
-87.0668,9.80305,42991
NaN,NaN,NaN
-87.0668,9.80305,42991
-87.4449,9.80329,42997
-87.6778,9.80329,42992
-87.9994,9.80287,42994
-88.0923,9.80272,42995
-88.7428,9.80102,42985
-88.8038,9.80079,42992
-88.8081,9.80084,42984
-88.8125,9.80097,42983
-88.8168,9.80121,42981
-88.8212,9.80156,42981
-88.8255,9.80203,42987
-88.8298,9.80261,42992
-88.8341,9.80329,42996
-88.8384,9.80406,42997
-88.8426,9.80492,42994
-88.8469,9.80588,42996
-88.8511,9.80692,43000
-88.8553,9.80804,43001
-88.8594,9.80925,42997
-88.8636,9.81054,42992
-88.8677,9.81193,42986
-88.8718,9.81341,42986
-88.8758,9.81499,42988
-88.8798,9.81665,42993
-88.8838,9.81839,42994
-88.8877,9.82022,42997
-88.8916,9.82212,42995
-88.8955,9.82411,42991
-88.8993,9.82618,42989
-88.903,9.82832,42987
-88.9067,9.83055,42994
-88.9104,9.83286,42996
-88.914,9.83525,42997
-88.9175,9.83772,42999
-88.921,9.84025,43000
-88.9244,9.84286,42997
-88.9278,9.84554,42992
-88.9311,9.8483,42988
-88.9344,9.85113,42992
-88.9375,9.85403,42995
-88.9407,9.85699,42999
-88.9437,9.86001,43000
-88.9467,9.8631,43002
-88.9496,9.86624,43001
-88.9525,9.86945,42995
-88.9552,9.87272,42993
-88.9579,9.87605,42990
-88.9606,9.87943,42992
-88.9631,9.88287,42990
-88.9656,9.88637,42990
-88.968,9.88991,42994
-88.9703,9.89351,42998
-88.9725,9.89716,43000
-88.9746,9.90084,43004
-88.9767,9.90457,42998
-88.9787,9.90834,42995
-88.9806,9.91216,42987
-88.9824,9.91601,42992
-88.9841,9.9199,42996
-88.9858,9.92382,42996
-88.9873,9.92778,43000
-88.9888,9.93176,42999
-88.9902,9.93577,42997
-88.9914,9.93981,42993
-88.9926,9.94388,42987
-88.9937,9.94796,42987
-88.9947,9.95207,42986
-88.9956,9.9562,42989
-88.9965,9.96033,42996
-88.9972,9.96448,42997
-88.9978,9.96864,43001
-88.9984,9.97281,42999
-88.9988,9.97698,42995
-88.9992,9.98115,42995
-88.9995,9.98533,42995
-88.9998,9.9916,42997
-89,10.002,42991
-89.0001,10.2651,42985
-89,10.8229,42986
-88.9999,10.8272,42984
-88.9996,10.8314,42980
-88.9992,10.8356,42981
-88.9987,10.8398,42984
-88.998,10.844,42993
-88.9973,10.8481,42997
-88.9965,10.8523,42999
-88.9955,10.8564,43000
-88.9945,10.8604,43002
-88.9934,10.8645,42997
-88.9922,10.8685,42994
-88.9909,10.8725,42989
-88.9895,10.8765,42991
-88.9881,10.8804,42992
-88.9865,10.8843,42994
-88.9848,10.8882,42997
-88.9831,10.892,42996
-88.9813,10.8957,42997
-88.9794,10.8995,42993
-88.9774,10.9032,42993
-88.9754,10.9068,42994
-88.9732,10.9104,42996
-88.971,10.9139,42999
-88.9687,10.9174,43001
-88.9663,10.9208,43001
-88.9639,10.9242,43003
-88.9614,10.9275,42999
-88.9588,10.9308,42997
-88.9561,10.934,42994
-88.9534,10.9371,42990
-88.9506,10.9402,42990
-88.9477,10.9432,42990
-88.9448,10.9462,42989
-88.9418,10.949,42989
-88.9387,10.9519,42988
-88.9356,10.9546,42989
-88.9324,10.9573,42981
-88.9292,10.9599,42977
-88.9259,10.9624,42975
-88.9226,10.9648,42971
-88.9192,10.9672,42970
-88.9157,10.9695,42973
-88.9123,10.9717,42977
-88.9088,10.9738,42981
-88.9052,10.9759,42986
-88.9016,10.9779,42994
-88.898,10.9798,42997
-88.8943,10.9816,42995
-88.8906,10.9833,42993
-88.8869,10.985,42991
-88.8831,10.9866,42994
-88.8793,10.9881,42993
-88.8755,10.9895,42992
-88.8716,10.9908,42997
-88.8677,10.992,42993
-88.8639,10.9932,42991
-88.8599,10.9942,42991
-88.856,10.9952,42988
-88.8521,10.9961,42987
-88.8481,10.9969,42984
-88.8441,10.9976,42988
-88.8401,10.9983,42991
-88.8361,10.9988,42992
-88.8321,10.9993,42995
-88.8281,10.9997,42990
-88.8241,11,42989
-88.8201,11.0002,42988
-88.8141,11.0005,42991
-88.802,11.0006,42998
-88.4589,11.0022,42996
-88.4126,11.0023,42996
-87.8065,11.0035,42984
-87.1927,11.0036,42999
-86.9682,11.0033,41015
-86.8398,11.0031,38573
-86.7728,11.0029,35981
-86.5722,11.0025,25656
-86.5517,11.0024,24973
-86.3238,11.0016,18168
-86.3184,11.0014,18004
-86.3147,11.0012,17898
-86.3111,11.0008,17794
-86.3075,11.0004,17686
-86.3039,10.9999,17577
-86.3021,10.9996,17526
-86.3003,10.9992,17474
-86.2986,10.9988,17422
-86.2968,10.9984,17371
-86.2951,10.9979,17320
-86.2933,10.9974,17274
-86.2916,10.9968,17228
-86.2899,10.9962,17184
-86.2883,10.9955,17142
-86.2866,10.9948,17096
-86.285,10.9941,17051
-86.2833,10.9933,17008
-86.2817,10.9925,16961
-86.2802,10.9917,16912
-86.2786,10.9908,16868
-86.2771,10.9899,16824
-86.2741,10.988,16743
-86.2466,10.9694,15887
-86.2325,10.9594,15404
-86.2187,10.9491,14836
-86.2024,10.9367,14435
-86.1777,10.9174,13816
-86.137,10.8848,12768
-86.0929,10.8493,11616
-86.0201,10.7902,9967
-85.8457,10.6489,5574
-85.8078,10.6181,4466
-85.7575,10.5772,3329
-85.7168,10.5441,3401
-85.7114,10.5397,3396
-85.7101,10.5387,3407
-85.7088,10.5377,3384
-85.7081,10.5373,3340
-85.7074,10.5368,3321
-85.7066,10.5364,3318
-85.7059,10.536,3267
-85.7052,10.5357,3266
-85.7044,10.5354,3244
-85.7036,10.5351,3238
-85.7029,10.5348,3215
-85.7021,10.5346,3209
-85.7013,10.5344,3172
-85.7005,10.5342,3127
-85.6997,10.5341,3099
-85.6989,10.534,3106
-85.698,10.534,3070
-85.6972,10.534,3039
-85.6964,10.5341,3019
-85.6956,10.5342,2972
-85.6948,10.5343,2972
-85.694,10.5345,2994
-85.6933,10.5348,3007
-85.6925,10.5351,3081
-85.6917,10.5354,2998
-85.691,10.5357,2963
-85.6902,10.536,2994
-85.6888,10.5367,2966
-85.6881,10.5371,2964
-85.6874,10.5375,2945
-85.6867,10.5379,2938
-85.6853,10.5388,2935
-85.6788,10.543,2725
-85.6775,10.5438,2681
-85.6755,10.5449,2670
-85.6736,10.5459,2537
-85.6704,10.5476,2505
-85.6667,10.5495,2422
-85.6654,10.55,2396
-85.6642,10.5506,2394
-85.6629,10.5511,2324
-85.6553,10.5541,2191
-85.6459,10.5576,2012
-85.6361,10.561,1857
-85.6273,10.5638,1703
-85.6184,10.567,1533
-85.5992,10.5739,1213
-85.598,10.5743,1212
-85.5884,10.5776,989
-85.5862,10.5784,958
-85.5834,10.5793,893
-85.5796,10.5807,828
-85.5731,10.5832,704
-85.572,10.5836,670
-85.556,10.5892,366
-85.5549,10.5896,349
-85.5506,10.5912,319
-85.5465,10.5926,305
-85.5454,10.593,306
-85.5448,10.5932,305
-85.5424,10.5941,312
-85.541,10.5946,316